{"cameraMode":{"drawMode":0,"name":"Shaded","section":"Shading Mode"},"sceneLighting":true,"audioPlay":false,"sceneViewState":{"showFog":false,"showMaterialUpdate":false,"showSkybox":false,"showFlares":false,"showImageEffects":false,"showParticleSystems":false},"in2DMode":false,"pivot":{"x":-7.622917175292969,"y":6.020423889160156,"z":18.262615203857423},"rotation":{"x":0.002764349803328514,"y":0.9799911975860596,"z":-0.19905798137187959,"w":0.011911297217011452},"size":71.53009796142578,"orthographic":false}