{"cameraMode":{"drawMode":0,"name":"Shaded","section":"Shading Mode"},"sceneLighting":false,"audioPlay":false,"sceneViewState":{"showFog":true,"showMaterialUpdate":false,"showSkybox":true,"showFlares":true,"showImageEffects":true,"showParticleSystems":true},"in2DMode":false,"pivot":{"x":5.200000762939453,"y":-1.190000057220459,"z":0.03095245361328125},"rotation":{"x":0.06358415633440018,"y":0.5050315856933594,"z":-0.03735590726137161,"w":0.8599845767021179},"size":41.395198822021487,"orthographic":false}