{"cameraMode":{"drawMode":0,"name":"Shaded","section":"Shading Mode"},"sceneLighting":true,"audioPlay":false,"sceneViewState":{"showFog":false,"showMaterialUpdate":false,"showSkybox":false,"showFlares":false,"showImageEffects":false,"showParticleSystems":false},"in2DMode":false,"pivot":{"x":11.226371765136719,"y":-32.6430549621582,"z":46.77207946777344},"rotation":{"x":0.24149982631206513,"y":0.6552931070327759,"z":-0.23393607139587403,"w":0.6764559745788574},"size":98.5851821899414,"orthographic":false}