{"cameraMode":{"drawMode":0,"name":"Shaded","section":"Shading Mode"},"sceneLighting":false,"audioPlay":false,"sceneViewState":{"showFog":true,"showMaterialUpdate":false,"showSkybox":true,"showFlares":true,"showImageEffects":true,"showParticleSystems":true},"in2DMode":false,"pivot":{"x":-0.10863113403320313,"y":-0.37302494049072268,"z":-0.06830698251724243},"rotation":{"x":0.013998243026435376,"y":0.7073951363563538,"z":-0.014015507884323597,"w":0.7065514326095581},"size":19.154645919799806,"orthographic":false}