{"cameraMode":{"drawMode":0,"name":"Shaded","section":"Shading Mode"},"sceneLighting":true,"audioPlay":false,"sceneViewState":{"showFog":false,"showMaterialUpdate":false,"showSkybox":false,"showFlares":false,"showImageEffects":false,"showParticleSystems":false},"in2DMode":false,"pivot":{"x":-11.388505935668946,"y":6.982985496520996,"z":28.418304443359376},"rotation":{"x":0.14938567578792573,"y":0.5494529604911804,"z":-0.10028993338346482,"w":0.8160114884376526},"size":24.162904739379884,"orthographic":false}