{"cameraMode":{"drawMode":0,"name":"Shaded","section":"Shading Mode"},"sceneLighting":false,"audioPlay":false,"sceneViewState":{"showFog":true,"showMaterialUpdate":false,"showSkybox":true,"showFlares":true,"showImageEffects":true,"showParticleSystems":true},"in2DMode":false,"pivot":{"x":1.1661128997802735,"y":-0.7954182624816895,"z":42.17951965332031},"rotation":{"x":0.008816382847726345,"y":0.9887533783912659,"z":-0.06475508958101273,"w":0.13459515571594239},"size":68.44981384277344,"orthographic":false}