{"cameraMode":{"drawMode":0,"name":"Shaded","section":"Shading Mode"},"sceneLighting":true,"audioPlay":false,"sceneViewState":{"showFog":false,"showMaterialUpdate":false,"showSkybox":false,"showFlares":false,"showImageEffects":false,"showParticleSystems":false},"in2DMode":false,"pivot":{"x":2.9312849044799806,"y":-81.69511413574219,"z":16.158740997314454},"rotation":{"x":0.48092901706695559,"y":0.5192144513130188,"z":-0.4856293499469757,"w":0.5133309960365295},"size":130.0647430419922,"orthographic":false}